jersey,position,age,selections,club,name
1,"Goalie",31,9,"Botafogo","Jefferson"
12,"Goalie",34,80,"Toronto FC","Julio Cesar"
22,"Goalie",31,6,"Atletico Mineiro","Victor"
2,"Defender",31,75,"Barcelona","Dani Alves"
13,"Defender",30,12,"Bayern Munich","Dante"
4,"Defender",27,36,"Chelsea","David Luiz"
15,"Defender",27,5,"Napoli","Henrique"
23,"Defender",32,72,"Roma","Maicon"
6,"Defender",26,31,"Real Madrid","Marcelo"
14,"Defender",32,9,"Paris Saint-Germain","Maxwell"
3,"Defender",29,46,"Paris Saint-Germain","Thiago Silva"
20,"Midfielder",21,11,"Shakhtar Donetsk","Bernard"
5,"Midfielder",29,7,"Manchester City","Fernandinho"
18,"Midfielder",29,24,"Internazionale","Hernanes"
17,"Midfielder",26,19,"VfL Wolfsburg","Luiz Gustavo"
11,"Midfielder",22,31,"Chelsea","Oscar"
8,"Midfielder",25,26,"Tottenham Hotspur","Paulinho"
16,"Midfielder",27,42,"Chelsea","Ramires"
19,"Midfielder",25,7,"Chelsea","Willian"
9,"Forward",30,33,"Fluminense","Fred"
7,"Forward",27,35,"Zenit Saint Petersburg","Hulk"
21,"Forward",27,17,"Atletico Mineiro","Jô"
10,"Forward",22,49,"Barcelona","Neymar"
16,"Goalie",31,9,"Konyaspor","Charles Itandje"
1,"Goalie",22,2,"Coton Sport","Loec Feudjou"
23,"Goalie",24,3,"Fethiyespor","Sammy N'Djock"
22,"Defender",26,10,"Granada","Allan Nyom"
14,"Defender",28,31,"Galatasaray","Aurelien Chedjou"
2,"Defender",30,22,"Queens Park Rangers","Benoît Assou-Ekotto"
4,"Defender",21,3,"Coton Sport","Cedric Djeugoue"
5,"Defender",28,16,"Besiktas","Dany Nounkeu"
12,"Defender",30,31,"Lyon","Henri Bedimo"
3,"Defender",24,48,"Marseille","Nicolas N'Koulou"
6,"Midfielder",26,47,"Barcelona","Alex Song"
20,"Midfielder",21,9,"Lens","Edgar Salli"
18,"Midfielder",28,38,"Antalyaspor","Eyong Enoh"
11,"Midfielder",31,66,"Rennes","Jean Makoun"
21,"Midfielder",22,23,"Schalke 4","Joel Matip"
7,"Midfielder",28,40,"Bordeaux","Landry N'Guemo"
17,"Midfielder",28,49,"Sevilla","Stephane Mbia"
8,"Forward",25,17,"Nancy","Benjamin Moukandjo"
19,"Forward",18,8,"Zulte Waregem","Fabrice Olinga"
13,"Forward",25,26,"Mainz 5","Maxim Choupo-Moting"
15,"Forward",32,56,"Fenerbahce","Pierre Webo"
9,"Forward",33,117,"Chelsea","Samuel Eto'o"
10,"Forward",22,24,"Lorient","Vincent Aboubakar"
23,"Goalie",29,6,"Monaco","Danijel Subasic"
12,"Goalie",21,0,"Lokomotiva","Oliver Zelenika"
1,"Goalie",35,111,"Rostov","Stipe Pletikosa"
3,"Defender",32,50,"Panathinaikos","Danijel Pranjic"
11,"Defender",32,112,"Shakhtar Donetsk","Darijo Srna"
6,"Defender",24,25,"Southampton","Dejan Lovren"
21,"Defender",25,23,"Dynamo Kyiv","Domagoj Vida"
13,"Defender",29,21,"Panathinaikos","Gordon Schildenfeld"
2,"Defender",22,7,"Genoa","Sime Vrsaljko"
5,"Defender",28,72,"Lokomotiv Moscow","Vedran Corluka"
15,"Midfielder",25,9,"Hamburger SV","Milan Badelj"
4,"Midfielder",25,29,"VfL Wolfsburg","Ivan Perisic"
7,"Midfielder",26,62,"Sevilla","Ivan Rakitic"
10,"Midfielder",28,75,"Real Madrid","Luka Modric"
14,"Midfielder",21,1,"Dinamo Zagreb","Marcelo Brozovic"
20,"Midfielder",20,10,"Internazionale","Mateo Kovacic"
8,"Midfielder",30,55,"Dynamo Kyiv","Ognjen Vukojevic"
19,"Midfielder",27,6,"Getafe","Sammir"
16,"Forward",20,5,"Fiorentina","Ante Rebic"
22,"Forward",31,63,"Shakhtar Donetsk","Eduardo"
18,"Forward",34,92,"VfL Wolfsburg","Ivica Olic"
17,"Forward",28,50,"Bayern Munich","Mario Mandzukic"
9,"Forward",28,33,"Hull City","Nikica Jelavic"
12,"Goalie",31,14,"Toluca","Alfredo Talavera"
13,"Goalie",28,59,"Ajaccio","Guillermo Ochoa"
1,"Goalie",33,34,"Cruz Azul","Jose de Jesus Corona"
18,"Defender",27,104,"Bayer Leverkusen","Andres Guardado"
3,"Defender",34,122,"UANL","Carlos Salcido"
5,"Defender",21,14,"Porto","Diego Reyes"
2,"Defender",32,95,"America","Francisco Javier Rodriguez"
15,"Defender",26,53,"Espanyol","Hector Moreno"
16,"Defender",25,8,"Toluca","Miguel Angel Ponce"
7,"Defender",25,15,"America","Miguel Layun"
22,"Defender",28,30,"America","Paul Aguilar"
4,"Defender",35,120,"Leon","Rafael Marquez"
21,"Midfielder",24,16,"Leon","Carlos Pena"
6,"Midfielder",24,13,"Porto","Hector Herrera"
17,"Midfielder",23,7,"Toluca","Isaac Brizuela"
20,"Midfielder",24,22,"Villarreal","Javier Aquino"
23,"Midfielder",26,5,"Leon","Jose Juan Vazquez"
8,"Midfielder",24,15,"Cruz Azul","Marco Fabian"
11,"Forward",23,6,"UANL","Alan Pulido"
10,"Forward",25,76,"Villarreal","Giovani dos Santos"
14,"Forward",26,62,"Manchester United","Javier Hernandez"
19,"Forward",30,33,"Santos Laguna","Oribe Peralta"
9,"Forward",23,25,"America","Raul Jimenez"
18,"Goalie",32,8,"Adelaide United","Eugene Galekovic"
1,"Goalie",22,7,"Club Brugge","Mathew Ryan"
12,"Goalie",25,3,"Borussia Dortmund","Mitchell Langerak"
22,"Defender",29,3,"Jeonbuk Hyundai Motors","Alex Wilkinson"
8,"Defender",21,0,"Preston North End","Bailey Wright"
2,"Defender",26,9,"Brisbane Roar","Ivan Franjic"
3,"Defender",22,7,"Heracles Almelo","Jason Davidson"
6,"Defender",25,18,"Western Sydney Wanderers","Matthew Spiranovic"
19,"Defender",24,9,"Shandong Luneng Taishan","Ryan McGowan"
10,"Midfielder",21,2,"Fortuna Düsseldorf","Ben Halloran"
20,"Midfielder",27,23,"Sion","Dario Vidosic"
16,"Midfielder",25,14,"Autriche Wien","James Holland"
14,"Midfielder",25,11,"Atalanta","James Troisi"
23,"Midfielder",34,74,"Al-Gharafa","Mark Bresciano"
5,"Midfielder",28,29,"Melbourne Victory","Mark Milligan"
21,"Midfielder",21,1,"Swindon Town","Massimo Luongo"
17,"Midfielder",31,47,"Brisbane Roar","Matt McKay"
15,"Midfielder",29,44,"Crystal Palace","Mile Jedinak"
13,"Midfielder",25,3,"Luzern","Oliver Bozanic"
11,"Midfielder",22,15,"Utrecht","Tommy Oar"
9,"Forward",21,5,"Newcastle Jets","Adam Taggart"
7,"Forward",23,8,"FSV Frankfurt","Mathew Leckie"
4,"Forward",34,69,"New York Red Bulls","Tim Cahill"
1,"Goalie",31,79,"Real Sociedad","Claudio Bravo"
12,"Goalie",25,4,"Universidad Catolica","Cristopher Toselli"
23,"Goalie",33,8,"Universidad de Chili","Johnny Herrera"
2,"Defender",25,25,"Santos","Eugenio Mena"
17,"Defender",26,61,"Cardiff City","Gary Medel"
18,"Defender",28,65,"Nottingham Forest","Gonzalo Jara"
13,"Defender",31,19,"Universidad de Chili","Jose Rojas"
3,"Defender",23,2,"Malmö FF","Miiko Albornoz"
8,"Midfielder",27,54,"Juventus","Arturo Vidal"
6,"Midfielder",27,44,"Atalanta","Carlos Carmona"
20,"Midfielder",25,21,"Internacional","Charles Aranguiz"
14,"Midfielder",28,26,"Celta Vigo","Fabian Orellana"
16,"Midfielder",23,18,"Twente","Felipe Gutierrez"
5,"Midfielder",28,12,"Osasuna","Francisco Silva"
15,"Midfielder",30,59,"Wigan Athletic","Jean Beausejour"
10,"Midfielder",30,57,"Palmeiras","Jorge Valdivia"
19,"Midfielder",29,23,"Colo-Colo","Jose Pedro Fuenzalida"
21,"Midfielder",27,21,"Basel","Marcelo Diaz"
4,"Midfielder",25,47,"Juventus","Mauricio Isla"
7,"Forward",25,67,"Barcelona","Alexis Sanchez"
11,"Forward",24,30,"Valencia","Eduardo Vargas"
22,"Forward",33,35,"Colo-Colo","Esteban Paredes"
9,"Forward",30,27,"Cagliari","Mauricio Pinilla"
12,"Goalie",23,1,"Manchester United","David de Gea"
1,"Goalie",33,154,"Real Madrid","Iker Casillas"
23,"Goalie",31,32,"Napoli","Pepe Reina"
22,"Defender",24,6,"Chelsea","Cesar Azpilicueta"
3,"Defender",27,60,"Barcelona","Gerard Pique"
18,"Defender",25,26,"Barcelona","Jordi Alba"
5,"Defender",29,8,"Atletico Madrid","Juanfran"
2,"Defender",28,46,"Napoli","Raul Albiol"
15,"Defender",28,117,"Real Madrid","Sergio Ramos"
6,"Midfielder",30,97,"Barcelona","Andres Iniesta"
10,"Midfielder",27,89,"Barcelona","Cesc Fabregas"
21,"Midfielder",28,80,"Manchester City","David Silva"
4,"Midfielder",25,17,"Bayern Munich","Javi Martinez"
13,"Midfielder",26,33,"Manchester United","Juan Mata"
17,"Midfielder",22,8,"Atletico Madrid","Koke"
20,"Midfielder",29,64,"Arsenal","Santi Cazorla"
16,"Midfielder",25,65,"Barcelona","Sergio Busquets"
14,"Midfielder",32,111,"Real Madrid","Xabi Alonso"
8,"Midfielder",34,132,"Barcelona","Xavi"
7,"Forward",32,96,"Atletico Madrid","David Villa"
19,"Forward",25,2,"Atletico Madrid","Diego Costa"
9,"Forward",30,107,"Chelsea","Fernando Torres"
11,"Forward",26,40,"Barcelona","Pedro"
1,"Goalie",25,8,"Ajax","Jasper Cillessen"
22,"Goalie",30,14,"Swansea City","Michel Vorm"
23,"Goalie",26,5,"Newcastle United","Tim Krul"
4,"Defender",22,16,"Feyenoord","Bruno Martins Indi"
5,"Defender",24,12,"Ajax","Daley Blind"
7,"Defender",24,16,"Feyenoord","Daryl Janmaat"
13,"Defender",22,2,"Ajax","Joel Veltman"
12,"Defender",30,2,"Augsburg","Paul Verhaegh"
2,"Defender",29,24,"Aston Villa","Ron Vlaar"
3,"Defender",22,12,"Feyenoord","Stefan de Vrij"
14,"Defender",20,1,"Feyenoord","Terence Kongolo"
11,"Midfielder",30,75,"Bayern Munich","Arjen Robben"
20,"Midfielder",23,5,"PSV","Georginio Wijnaldum"
6,"Midfielder",26,10,"Swansea City","Jonathan de Guzman"
16,"Midfielder",22,8,"Feyenoord","Jordy Clasie"
18,"Midfielder",24,6,"Norwich City","Leroy Fer"
21,"Midfielder",20,6,"PSV","Memphis Depay"
8,"Midfielder",29,71,"Milan","Nigel de Jong"
10,"Midfielder",29,99,"Galatasaray","Wesley Sneijder"
15,"Forward",33,98,"Fenerbahce","Dirk Kuyt"
17,"Forward",26,22,"Dynamo Kyiv","Jeremain Lens"
19,"Forward",30,62,"Schalke 4","Klaas-Jan Huntelaar"
9,"Forward",30,85,"Manchester United","Robin van Persie"
12,"Goalie",24,0,"Santa Fe","Camilo Vargas"
1,"Goalie",25,44,"Nice","David Ospina"
22,"Goalie",42,50,"Deportivo Cali","Faryd Mondragon"
23,"Defender",29,14,"San Lorenzo","Carlos Valdes"
2,"Defender",27,24,"Milan","Cristian Zapata"
16,"Defender",21,3,"River Plate","Eder Alvarez Balanta"
18,"Defender",28,50,"Napoli","Juan Camilo Zuniga"
3,"Defender",38,98,"Atalanta","Mario Yepes"
7,"Defender",27,53,"West Ham United","Pablo Armero"
4,"Defender",22,6,"PSV","Santiago Arias"
8,"Midfielder",29,49,"Toulouse","Abel Aguilar"
5,"Midfielder",23,1,"River Plate","Carlos Carbonero"
15,"Midfielder",25,8,"Atletico Nacional","Alexander Mejia"
6,"Midfielder",28,44,"Elche","Carlos Sanchez"
13,"Midfielder",27,49,"Internazionale","Fredy Guarin"
10,"Midfielder",22,22,"Monaco","James Rodriguez"
20,"Midfielder",21,4,"Porto","Juan Fernando Quintero"
11,"Midfielder",26,28,"Fiorentina","Juan Guillermo Cuadrado"
14,"Midfielder",24,9,"Cagliari","Victor Ibarbo"
19,"Forward",28,26,"Hertha BSC","Adrian Ramos"
17,"Forward",27,11,"Sevilla","Carlos Bacca"
21,"Forward",27,27,"Porto","Jackson Martinez"
9,"Forward",29,30,"River Plate","Teofilo Gutierrez"
1,"Goalie",34,79,"Lokeren","Boubacar Barry"
23,"Goalie",21,1,"Stabæk","Sayouba Mande"
16,"Goalie",25,1,"Sewe Sport","Sylvain Gbohouo"
3,"Defender",31,79,"VfB Stuttgart","Arthur Boka"
18,"Defender",27,4,"Eintracht Frankfurt","Constant Djakpa"
5,"Defender",33,119,"Trabzonspor","Didier Zokora"
7,"Defender",21,1,"Toulouse","Jean-Daniel Akpa-Akpro"
4,"Defender",33,106,"Liverpool","Kolo Toure"
2,"Defender",27,3,"caykur Rizespor","Ousmane Viera"
17,"Defender",21,8,"Toulouse","Serge Aurier"
22,"Defender",29,43,"Trabzonspor","Sol Bamba"
9,"Midfielder",27,44,"Newcastle United","Cheick Tiote"
13,"Midfielder",30,25,"Hannover 96","Didier Ya Konan"
14,"Midfielder",21,1,"Saint-etienne","Ismael Diomande"
20,"Midfielder",29,6,"Basel","Serey Die"
19,"Midfielder",31,83,"Manchester City","Yaya Toure"
11,"Forward",36,100,"Galatasaray","Didier Drogba"
10,"Forward",27,53,"Roma","Gervinho"
21,"Forward",25,7,"Basel","Giovanni Sio"
6,"Forward",23,3,"Fortuna Düsseldorf","Mathis Bolly"
15,"Forward",26,25,"Saint-etienne","Max Gradel"
8,"Forward",28,64,"Lille","Salomon Kalou"
12,"Forward",25,24,"Swansea City","Wilfried Bony"
1,"Goalie",28,19,"Granada","Orestis Karnezis"
12,"Goalie",28,2,"PAOK","Panagiotis Glykos"
13,"Goalie",20,2,"Panathinaikos","Stefanos Kapino"
2,"Midfielder",27,30,"Olympiacos","Giannis Maniatis"
3,"Defender",26,13,"PAOK","Giorgos Tzavellas"
20,"Defender",29,22,"Olympiacos","Jose Holebas"
4,"Defender",22,9,"Olympiacos","Kostas Manolas"
11,"Defender",33,50,"Levante","Loukas Vyntra"
19,"Defender",25,47,"Borussia Dortmund","Sokratis Papastathopoulos"
5,"Defender",32,19,"Verona","Vangelis Moras"
15,"Defender",28,66,"Roma","Vasilis Torosidis"
6,"Midfielder",29,49,"Kayserispor","Alexandros Tziolis"
22,"Midfielder",24,4,"Olympiacos","Andreas Samaris"
18,"Midfielder",23,19,"Genoa","Giannis Fetfatzidis"
10,"Midfielder",37,135,"Fulham","Giorgos Karagounis"
21,"Midfielder",34,111,"PAOK","Kostas Katsouranis"
16,"Midfielder",27,19,"Bologna","Lazaros Christodoulopoulos"
8,"Midfielder",26,16,"Bologna","Panagiotis Kone"
23,"Midfielder",23,6,"Torino","Panagiotis Tachtsidis"
14,"Forward",32,76,"PAOK","Dimitris Salpingidis"
7,"Forward",29,74,"Celtic","Giorgos Samaras"
9,"Forward",26,32,"Fulham","Kostas Mitroglou"
17,"Forward",34,72,"Konyaspor","Theofanis Gekas"
1,"Goalie",31,56,"Standard Liege","Eiji Kawashima"
23,"Goalie",25,2,"F.C. Tokyo","Shūichi Gonda"
12,"Goalie",27,12,"Urawa Red Diamonds","Shusaku Nishikawa"
2,"Defender",26,67,"Schalke 4","Atsuto Uchida"
3,"Defender",23,12,"VfB Stuttgart","Gōtoku Sakai"
21,"Defender",24,17,"Hannover 96","Hiroki Sakai"
19,"Defender",30,21,"Jubilo Iwata","Masahiko Inoha"
6,"Defender",27,9,"F.C. Tokyo","Masato Morishige"
22,"Defender",25,40,"Southampton","Maya Yoshida"
15,"Defender",31,80,"Gamba Osaka","Yasuyuki Konno"
5,"Defender",27,69,"Internazionale","Yuto Nagatomo"
8,"Midfielder",24,25,"1. FC Nürnberg","Hiroshi Kiyotake"
16,"Midfielder",23,11,"Cerezo Osaka","Hotaru Yamaguchi"
4,"Midfielder",27,55,"Milan","Keisuke Honda"
17,"Midfielder",30,78,"1. FC Nürnberg","Makoto Hasebe"
10,"Midfielder",25,56,"Manchester United","Shinji Kagawa"
14,"Midfielder",28,5,"Sanfrecce Hiroshima","Toshihiro Aoyama"
7,"Midfielder",34,143,"Gamba Osaka","Yasuhito Endō"
20,"Forward",24,4,"Yokohama F. Marinos","Manabu Saitō"
9,"Forward",28,75,"Mainz 5","Shinji Okazaki"
11,"Forward",24,11,"Cerezo Osaka","Yoichiro Kakitani"
13,"Forward",31,56,"Kawasaki Frontale","Yoshito Ōkubo"
18,"Forward",24,8,"1860 München","Yuya Osako"
13,"Goalie",31,6,"West Bromwich Albion","Ben Foster"
22,"Goalie",26,1,"Celtic","Fraser Forster"
1,"Goalie",27,40,"Manchester City","Joe Hart"
12,"Defender",24,11,"Manchester United","Chris Smalling"
5,"Defender",28,23,"Chelsea","Gary Cahill"
2,"Defender",29,51,"Liverpool","Glen Johnson"
3,"Defender",29,23,"Everton","Leighton Baines"
23,"Defender",18,1,"Southampton","Luke Shaw"
6,"Defender",31,25,"Everton","Phil Jagielka"
16,"Defender",22,9,"Manchester United","Phil Jones"
20,"Midfielder",26,4,"Southampton","Adam Lallana"
15,"Midfielder",20,14,"Arsenal","Alex Oxlade-Chamberlain"
8,"Midfielder",35,103,"Chelsea","Frank Lampard"
7,"Midfielder",22,16,"Arsenal","Jack Wilshere"
17,"Midfielder",28,46,"Manchester City","James Milner"
14,"Midfielder",23,9,"Liverpool","Jordan Henderson"
19,"Midfielder",19,3,"Liverpool","Raheem Sterling"
21,"Midfielder",20,4,"Everton","Ross Barkley"
4,"Midfielder",34,110,"Liverpool","Steven Gerrard"
9,"Forward",24,11,"Liverpool","Daniel Sturridge"
11,"Forward",23,22,"Manchester United","Danny Welbeck"
18,"Forward",32,4,"Southampton","Rickie Lambert"
10,"Forward",28,90,"Manchester United","Wayne Rooney"
23,"Goalie",28,2,"Herediano","Daniel Cambronero"
1,"Goalie",27,53,"Levante","Keylor Navas"
18,"Goalie",32,21,"Alajuelense","Patrick Pemberton"
16,"Defender",24,24,"Rosenborg","Cristian Gamboa"
3,"Defender",26,34,"Columbus Crew","Giancarlo Gonzalez"
8,"Defender",29,22,"Saprissa","Heiner Mora"
2,"Defender",30,27,"Alajuelense","Johnny Acosta"
15,"Defender",30,58,"Mainz 5","Junior Diaz"
4,"Defender",31,79,"Saprissa","Michael Umana"
6,"Defender",25,11,"Club Brugge","Oscar Duarte"
19,"Defender",29,47,"New York Red Bulls","Roy Miller"
12,"Defender",23,1,"Columbus Crew","Waylon Francis"
5,"Midfielder",26,63,"AIK","Celso Borges"
7,"Midfielder",30,55,"Copenhagen","Christian Bolanos"
20,"Midfielder",23,10,"Vålerenga","Diego Calvo"
13,"Midfielder",28,11,"Herediano","Esteban Granados"
22,"Midfielder",27,36,"Herediano","Jose Miguel Cubero"
11,"Midfielder",30,51,"Aalesund","Michael Barrantes"
17,"Midfielder",22,22,"Saprissa","Yeltsin Tejeda"
10,"Forward",28,62,"PSV","Bryan Ruiz"
9,"Forward",21,33,"Olympiacos","Joel Campbell"
21,"Forward",24,25,"Kuban Krasnodar","Marco Urena"
14,"Forward",30,37,"Cartagines","Randall Brenes"
1,"Goalie",36,139,"Juventus","Gianluigi Buffon"
13,"Goalie",21,0,"Genoa","Mattia Perin"
12,"Goalie",27,8,"Paris Saint-Germain","Salvatore Sirigu"
15,"Defender",33,47,"Juventus","Andrea Barzagli"
20,"Defender",28,2,"Parma","Gabriel Paletta"
3,"Defender",29,67,"Juventus","Giorgio Chiellini"
7,"Defender",27,19,"Milan","Ignazio Abate"
19,"Defender",27,36,"Juventus","Leonardo Bonucci"
4,"Defender",24,1,"Torino","Matteo Darmian"
2,"Defender",21,10,"Milan","Mattia De Sciglio"
14,"Midfielder",29,34,"Fiorentina","Alberto Aquilani"
21,"Midfielder",35,108,"Juventus","Andrea Pirlo"
6,"Midfielder",27,19,"Lazio","Antonio Candreva"
8,"Midfielder",28,43,"Juventus","Claudio Marchisio"
16,"Midfielder",30,94,"Roma","Daniele De Rossi"
18,"Midfielder",29,3,"Parma","Marco Parolo"
23,"Midfielder",21,5,"Paris Saint-Germain","Marco Verratti"
5,"Midfielder",31,20,"Paris Saint-Germain","Thiago Motta"
11,"Forward",26,11,"Torino","Alessio Cerci"
10,"Forward",31,36,"Parma","Antonio Cassano"
17,"Forward",24,2,"Torino","Ciro Immobile"
22,"Forward",23,4,"Napoli","Lorenzo Insigne"
9,"Forward",23,29,"Milan","Mario Balotelli"
1,"Goalie",27,57,"Galatasaray","Fernando Muslera"
23,"Goalie",31,4,"Vasco da Gama","Martin Silva"
12,"Goalie",32,0,"Libertad","Rodrigo Munoz"
3,"Defender",28,76,"Atletico Madrid","Diego Godin"
2,"Defender",33,93,"West Bromwich Albion","Diego Lugano"
13,"Defender",29,41,"Porto","Jorge Fucile"
19,"Defender",19,5,"Atletico Madrid","Jose Maria Gimenez"
22,"Defender",27,56,"Juventus","Martin Caceres"
16,"Defender",29,89,"Benfica","Maxi Pereira"
4,"Defender",23,14,"Nacional","Sebastian Coates"
20,"Midfielder",29,42,"Lazio","alvaro Gonzalez"
6,"Midfielder",28,56,"São Paulo","alvaro Pereira"
7,"Midfielder",28,72,"Atletico Madrid","Cristian Rodriguez"
15,"Midfielder",34,89,"Bologna","Diego Perez"
17,"Midfielder",32,54,"Morelia","Egidio Arevalo Rios"
18,"Midfielder",23,28,"Southampton","Gaston Ramirez"
14,"Midfielder",25,26,"Botafogo","Nicolas Lodeiro"
5,"Midfielder",29,62,"Parma","Walter Gargano"
8,"Forward",23,12,"Palermo","Abel Hernandez"
11,"Forward",27,9,"Espanyol","Christian Stuani"
10,"Forward",35,109,"Cerezo Osaka","Diego Forlan"
21,"Forward",27,61,"Paris Saint-Germain","Edinson Cavani"
9,"Forward",27,77,"Liverpool","Luis Suarez"
12,"Goalie",25,3,"El Nacional","Adrian Bone"
22,"Goalie",27,18,"LDU Quito","Alexander Dominguez"
1,"Goalie",28,24,"Barcelona","Maximo Banguera"
3,"Defender",26,36,"Flamengo","Frickson Erazo"
21,"Defender",29,22,"Emelec","Gabriel Achilier"
2,"Defender",32,58,"Emelec","Jorge Guagua"
4,"Defender",26,37,"Barcelona","Juan Carlos Paredes"
18,"Defender",31,21,"Emelec","oscar Bagüi"
10,"Defender",34,89,"Pachuca","Walter Ayovi"
16,"Midfielder",28,70,"Manchester United","Antonio Valencia"
23,"Midfielder",19,2,"VfB Stuttgart","Carlos Gruezo"
6,"Midfielder",29,41,"Dynamo Moscow","Christian Noboa"
8,"Midfielder",35,109,"Santa Fe","Edison Mendez"
20,"Midfielder",24,8,"Tijuana","Fidel Martinez"
7,"Midfielder",24,39,"Morelia","Jefferson Montero"
9,"Midfielder",24,29,"Cruz Azul","Joao Rojas"
19,"Midfielder",30,48,"Barcelona","Luis Saritama"
15,"Midfielder",27,20,"Atlante","Michael Arroyo"
5,"Midfielder",23,17,"Vitesse","Renato Ibarra"
14,"Midfielder",32,81,"Al-Hilal","Segundo Castillo"
13,"Forward",25,9,"Pachuca","Enner Valencia"
11,"Forward",25,49,"Al-Jazira","Felipe Caicedo"
17,"Forward",26,30,"Tijuana","Jaime Ayovi"
1,"Goalie",27,56,"Tottenham Hotspur","Hugo Lloris"
23,"Goalie",35,11,"Bastia","Mickael Landreau"
16,"Goalie",27,2,"Saint-etienne","Stephane Ruffier"
15,"Defender",31,40,"Arsenal","Bacary Sagna"
13,"Defender",23,3,"Porto","Eliaquim Mangala"
21,"Defender",28,17,"Arsenal","Laurent Koscielny"
17,"Defender",20,2,"Paris Saint-Germain","Lucas Digne"
5,"Defender",24,18,"Liverpool","Mamadou Sakho"
2,"Defender",28,20,"Newcastle United","Mathieu Debuchy"
3,"Defender",33,57,"Manchester United","Patrice Evra"
4,"Defender",21,5,"Real Madrid","Raphael Varane"
11,"Midfielder",23,3,"Real Sociedad","Antoine Griezmann"
14,"Midfielder",27,22,"Paris Saint-Germain","Blaise Matuidi"
22,"Midfielder",24,1,"Southampton","Morgan Schneiderlin"
7,"Midfielder",24,1,"Montpellier","Remy Cabella"
8,"Midfielder",29,33,"Marseille","Mathieu Valbuena"
18,"Midfielder",24,16,"Newcastle United","Moussa Sissoko"
19,"Midfielder",21,10,"Juventus","Paul Pogba"
12,"Midfielder",30,11,"Lille","Rio Mavuba"
6,"Midfielder",28,29,"Paris Saint-Germain","Yohan Cabaye"
10,"Forward",26,65,"Real Madrid","Karim Benzema"
20,"Forward",27,24,"Newcastle United","Loec Remy"
9,"Forward",27,29,"Arsenal","Olivier Giroud"
22,"Goalie",34,26,"Olimpia","Donis Escober"
1,"Goalie",20,0,"Real Espana","Luis Lopez"
18,"Goalie",37,121,"Olimpia","Noel Valladares"
23,"Defender",28,22,"Olimpia","Brayan Beckeles"
7,"Defender",28,67,"Celtic","Emilio Izaguirre"
6,"Defender",26,33,"Wigan Athletic","Juan Carlos Garcia"
4,"Defender",28,11,"Motagua","Juan Pablo Montes"
3,"Defender",31,104,"Hull City","Maynor Figueroa"
2,"Defender",29,54,"Qingdao Jonoon","Osman Chavez"
5,"Defender",32,77,"San Jose Earthquakes","Victor Bernardez"
21,"Midfielder",21,16,"Anderlecht","Andy Najar"
12,"Midfielder",27,25,"Real Espana","Edder Delgado"
20,"Midfielder",28,48,"Motagua","Jorge Claros"
19,"Midfielder",23,19,"Olimpia","Luis Garrido"
10,"Midfielder",24,35,"Real Espana","Mario Martinez"
17,"Midfielder",30,41,"Chivas USA","Marvin Chavez"
14,"Midfielder",29,92,"Houston Dynamo","oscar Garcia"
15,"Midfielder",27,41,"Wigan Athletic","Roger Espinoza"
8,"Midfielder",29,94,"Stoke City","Wilson Palacios"
13,"Forward",31,69,"Real Espana","Carlo Costly"
11,"Forward",27,43,"New Angleterre Revolution","Jerry Bengtson"
9,"Forward",32,23,"Alajuelense","Jerry Palacios"
16,"Forward",25,12,"Real Sociedad","Rony Martinez"
1,"Goalie",30,56,"VfL Wolfsburg","Diego Benaglio"
21,"Goalie",23,0,"Grasshopper","Roman Bürki"
12,"Goalie",25,6,"Basel","Yann Sommer"
22,"Defender",22,5,"Basel","Fabian Schär"
20,"Defender",27,44,"Hamburger SV","Johan Djourou"
6,"Defender",23,5,"Grasshopper","Michael Lang"
4,"Defender",29,53,"Valencia","Philippe Senderos"
3,"Defender",28,35,"Sassuolo","Reto Ziegler"
13,"Defender",21,20,"VfL Wolfsburg","Ricardo Rodriguez"
2,"Defender",30,62,"Juventus","Stephan Lichtsteiner"
5,"Defender",30,40,"Young Boys","Steve von Bergen"
15,"Midfielder",28,33,"Napoli","Blerim Dzemaili"
16,"Midfielder",27,47,"SC Freiburg","Gelson Fernandes"
8,"Midfielder",29,71,"Napoli","Gökhan Inler"
10,"Midfielder",21,25,"Borussia Mönchengladbach","Granit Xhaka"
7,"Midfielder",29,73,"Eintracht Frankfurt","Tranquillo Barnetta"
14,"Midfielder",25,23,"Basel","Valentin Stocker"
11,"Midfielder",29,47,"Napoli","Valon Behrami"
23,"Midfielder",22,32,"Bayern Munich","Xherdan Shaqiri"
18,"Forward",23,20,"SC Freiburg","Admir Mehmedi"
9,"Forward",22,10,"Real Sociedad","Haris Seferovic"
19,"Forward",21,6,"1. FC Nürnberg","Josip Drmic"
17,"Forward",24,10,"Zürich","Mario Gavranovic"
12,"Goalie",32,3,"Boca Juniors","Agustin Orion"
21,"Goalie",30,10,"Catania","Mariano Andujar"
1,"Goalie",27,45,"Monaco","Sergio Romero"
2,"Defender",27,18,"Benfica","Ezequiel Garay"
17,"Defender",25,24,"Napoli","Federico Fernandez"
3,"Defender",33,13,"Internazionale","Hugo Campagnaro"
23,"Defender",30,8,"Monterrey","Jose Maria Basanta"
16,"Defender",24,20,"Sporting","Marcos Rojo"
15,"Defender",33,37,"Manchester City","Martin Demichelis"
4,"Defender",29,36,"Manchester City","Pablo Zabaleta"
7,"Midfielder",26,45,"Real Madrid","angel di Maria"
13,"Midfielder",28,7,"Celta Vigo","Augusto Fernandez"
8,"Midfielder",28,5,"Benfica","Enzo Perez"
5,"Midfielder",28,47,"Boca Juniors","Fernando Gago"
14,"Midfielder",29,96,"Barcelona","Javier Mascherano"
6,"Midfielder",28,16,"Lazio","Lucas Biglia"
11,"Midfielder",33,53,"Newell's Old Boys","Maxi Rodriguez"
19,"Midfielder",26,5,"Internazionale","Ricardo alvarez"
22,"Forward",29,29,"Paris Saint-Germain","Ezequiel Lavezzi"
9,"Forward",26,36,"Napoli","Gonzalo Higuain"
10,"Forward",26,84,"Barcelona","Lionel Messi"
18,"Forward",32,15,"Internazionale","Rodrigo Palacio"
20,"Forward",26,50,"Manchester City","Sergio Agüero"
22,"Goalie",33,3,"and Herzegovina Borac Banja","Asmir Avdukic"
1,"Goalie",26,30,"Stoke City","Asmir Begovic"
12,"Goalie",28,0,"VfR Aalen","Jasmin Fejzic"
2,"Defender",28,13,"Hajduk Split","Avdija Vrsajevic"
4,"Defender",33,74,"Bayer Leverkusen","Emir Spahic"
3,"Defender",24,7,"Eintracht Braunschweig","Ermin Bicakcic"
13,"Defender",30,24,"SC Freiburg","Mensur Mujdza"
7,"Defender",21,9,"Ferencvaros","Muhamed Besic"
6,"Defender",24,13,"Elazığspor","Ognjen Vranjes"
5,"Defender",20,4,"Schalke 4","Sead Kolasinac"
15,"Defender",25,7,"Zorya Luhansk","Toni sunjic"
20,"Midfielder",24,2,"Sturm Graz","Anel Hadzic"
18,"Midfielder",29,35,"Gaziantepspor","Haris Medunjanin"
14,"Midfielder",22,7,"Galatasaray","Izet Hajrovic"
8,"Midfielder",24,48,"Roma","Miralem Pjanic"
23,"Midfielder",29,42,"1899 Hoffenheim","Sejad Salihovic"
16,"Midfielder",28,33,"Lazio","Senad Lulic"
17,"Midfielder",28,42,"Kayseri Erciyesspor","Senijad Ibricic"
21,"Midfielder",22,2,"Hajduk Split","Tino-Sven Susic"
10,"Midfielder",32,82,"Guizhou Renhe","Zvjezdan Misimovic"
11,"Forward",28,62,"Manchester City","Edin Dzeko"
19,"Forward",24,10,"İstanbul BB","Edin Visca"
9,"Forward",29,55,"VfB Stuttgart","Vedad Ibisevic"
12,"Goalie",26,5,"Sporting Covilhã","Alireza Haghighi"
22,"Goalie",26,4,"Eintracht Braunschweig","Daniel Davari"
1,"Goalie",33,10,"Sepahan","Rahman Ahmadi"
17,"Defender",31,9,"Naft Tehran","Ahmad Alnameh"
5,"Defender",32,16,"Esteghlal","Amir Hossein Sadeghi"
19,"Defender",30,17,"Esteghlal","Hashem Beikzadeh"
13,"Defender",27,21,"Persepolis","Hossein Mahini"
4,"Defender",32,84,"Persepolis","Jalal Hosseini"
23,"Defender",27,19,"Persepolis","Mehrdad Pouladi"
15,"Defender",30,21,"Umm Salal","Pejman Montazeri"
20,"Defender",27,6,"Vancouver Whitecaps","Steven Beitashour"
14,"Midfielder",31,78,"Esteghlal","Andranik Teymourian"
21,"Midfielder",27,13,"Fulham","Ashkan Dejagah"
18,"Midfielder",22,4,"Foolad","Bakhtiar Rahmani"
3,"Midfielder",24,61,"Sepahan","Ehsan Hajsafi"
11,"Midfielder",30,16,"Zob Ahan","Ghasem Haddadifar"
6,"Midfielder",33,139,"Al-Kuwait","Javad Nekounam"
2,"Midfielder",30,48,"Esteghlal","Khosro Heydari"
7,"Midfielder",29,49,"Las Palmas","Masoud Shojaei"
8,"Midfielder",25,7,"Persepolis","Reza Haghighi"
9,"Forward",20,6,"NEC","Alireza Jahanbakhsh"
10,"Forward",24,41,"Tractor Sazi","Karim Ansarifard"
16,"Forward",26,13,"Charlton Athletic","Reza Ghoochannejhad"
16,"Goalie",30,32,"Hapoel Be'er Sheva","Austin Ejide"
21,"Goalie",29,11,"Gombe United","Chigozie Agbim"
1,"Goalie",31,90,"Lille","Vincent Enyeama"
6,"Defender",24,32,"Warri Wolves","Azubuike Egwuekwe"
5,"Defender",25,36,"Celtic","Efe Ambrose"
14,"Defender",23,35,"caykur Rizespor","GoDefenderrey Oboabona"
2,"Defender",33,96,"Norwich City","Joseph Yobo"
13,"Defender",23,10,"Ashdod","Juwon Oshaniwa"
22,"Defender",20,17,"Middlesbrough","Kenneth Omeruo"
12,"Defender",24,10,"Sunshine Stars","Kunle Odunlami"
3,"Defender",26,42,"Monaco","Uwa Elderson Echiejile"
10,"Midfielder",27,59,"Chelsea","John Obi Mikel"
18,"Midfielder",21,4,"Volyn Lutsk","Michael Babatunde"
17,"Midfielder",21,20,"Lazio","Ogenyi Onazi"
15,"Midfielder",21,1,"Almeria","Ramon Azeez"
4,"Midfielder",23,11,"Waasland-Beveren","Reuben Gabriel"
11,"Midfielder",23,20,"Liverpool","Victor Moses"
7,"Forward",21,35,"CSKA Moscow","Ahmed Musa"
9,"Forward",27,22,"Fenerbahce","Emmanuel Emenike"
20,"Forward",24,3,"Cercle Brugge","Michael Uchebo"
8,"Forward",32,60,"Stoke City","Peter Odemwingie"
23,"Forward",32,6,"Newcastle United","Shola Ameobi"
19,"Forward",22,6,"Heerenveen","Uche Nwofor"
1,"Goalie",28,45,"Bayern Munich","Manuel Neuer"
22,"Goalie",33,2,"Borussia Dortmund","Roman Weidenfeller"
12,"Goalie",25,3,"Hannover 96","Ron-Robert Zieler"
4,"Defender",26,20,"Schalke 4","Benedikt Höwedes"
15,"Defender",22,1,"Borussia Dortmund","Erik Durm"
20,"Defender",25,38,"Bayern Munich","Jerôme Boateng"
2,"Defender",25,4,"Borussia Dortmund","Kevin Großkreutz"
5,"Defender",25,29,"Borussia Dortmund","Mats Hummels"
17,"Defender",29,97,"Arsenal","Per Mertesacker"
16,"Defender",30,105,"Bayern Munich","Philipp Lahm"
9,"Midfielder",23,32,"Chelsea","Andre Schürrle"
7,"Midfielder",29,101,"Bayern Munich","Bastian Schweinsteiger"
23,"Midfielder",23,2,"Borussia Mönchengladbach","Christoph Kramer"
14,"Midfielder",20,11,"Schalke 4","Julian Draxler"
19,"Midfielder",22,28,"Bayern Munich","Mario Götze"
3,"Midfielder",20,2,"SC Freiburg","Matthias Ginter"
8,"Midfielder",25,54,"Arsenal","Mesut Özil"
6,"Midfielder",27,45,"Real Madrid","Sami Khedira"
13,"Midfielder",24,48,"Bayern Munich","Thomas Müller"
18,"Midfielder",24,43,"Bayern Munich","Toni Kroos"
10,"Forward",29,113,"Arsenal","Lukas Podolski"
11,"Forward",35,131,"Lazio","Miroslav Klose"
21,"Défenseur",22,1,"Sampdoria","Shkodran Mustafi"
12,"Goalie",29,25,"Aston Villa","Brad Guzan"
22,"Goalie",34,14,"Real Salt Lake","Nick Rimando"
1,"Goalie",35,99,"Everton","Tim Howard"
7,"Defender",32,115,"Puebla","DaMarcus Beasley"
2,"Defender",20,4,"Seattle Sounders FC","DeAndre Yedlin"
23,"Defender",26,21,"1899 Hoffenheim","Fabian Johnson"
20,"Defender",28,26,"Stoke City","Geoff Cameron"
6,"Defender",21,4,"Hertha BSC","John Brooks"
5,"Defender",27,16,"Sporting Kansas City","Matt Besler"
3,"Defender",25,19,"Los Angeles Galaxy","Omar Gonzalez"
21,"Defender",24,12,"1. FC Nürnberg","Timothy Chandler"
11,"Midfielder",27,27,"Nantes","Alejandro Bedoya"
14,"Midfielder",32,16,"Houston Dynamo","Brad Davis"
19,"Midfielder",27,22,"Sporting Kansas City","Graham Zusi"
13,"Midfielder",32,41,"Besiktas","Jermaine Jones"
16,"Midfielder",19,2,"Bayern Munich","Julian Green"
15,"Midfielder",32,36,"Real Salt Lake","Kyle Beckerman"
4,"Midfielder",26,85,"Toronto FC","Michael Bradley"
10,"Midfielder",23,19,"Rosenborg","Mikkel Diskerud"
9,"Forward",23,8,"AZ","Aron Johannsson"
18,"Forward",31,20,"San Jose Earthquakes","Chris Wondolowski"
8,"Forward",31,104,"Seattle Sounders FC","Clint Dempsey"
17,"Forward",24,69,"Sunderland","Jozy Altidore"
12,"Goalie",26,21,"Strømsgodset","Adam Kwarasey"
16,"Goalie",29,17,"Orlando Pirates","Fatau Dauda"
1,"Goalie",24,7,"Aduana Stars","Steven Adams"
4,"Defender",23,16,"Standard Liege","Daniel Opare"
23,"Defender",27,40,"Esperance","Harrison Afful"
21,"Defender",27,29,"Rennes","John Boye"
19,"Defender",23,26,"evian","Jonathan Mensah"
15,"Defender",21,6,"Mamelodi Sundowns","Rashid Sumaila"
2,"Defender",25,46,"Platanias","Samuel Inkoom"
6,"Midfielder",22,4,"Parma","Acquah Afriyie"
14,"Midfielder",26,14,"Middlesbrough","Albert Adomah"
10,"Midfielder",24,48,"Marseille","Andre Ayew"
7,"Midfielder",22,22,"Vitesse","Christian Atsu"
8,"Midfielder",23,48,"Udinese","Emmanuel Agyemang-Badu"
20,"Midfielder",25,61,"Juventus","Kwadwo Asamoah"
5,"Midfielder",31,57,"Milan","Michael Essien"
17,"Midfielder",24,16,"Kuban Krasnodar","Mohammed Rabiu"
11,"Midfielder",29,81,"Milan","Sulley Muntari"
22,"Midfielder",23,16,"Rubin Kazan","Wakaso Mubarak"
3,"Forward",28,78,"Al-Ain","Asamoah Gyan"
13,"Forward",22,12,"Sochaux","Jordan Ayew"
9,"Forward",27,12,"Schalke 4","Kevin-Prince Boateng"
18,"Forward",22,9,"Valenciennes","Majeed Waris"
22,"Goalie",32,7,"Sevilla","Beto"
1,"Goalie",31,33,"Braga","Eduardo"
12,"Goalie",26,29,"Sporting","Rui Patricio"
19,"Defender",23,3,"Benfica","Andre Almeida"
2,"Defender",32,71,"Fenerbahce","Bruno Alves"
5,"Defender",26,43,"Real Madrid","Fabio Coentrão"
21,"Defender",30,35,"Valencia","João Pereira"
14,"Defender",26,7,"Zenit Saint Petersburg","Luis Neto"
3,"Defender",31,57,"Real Madrid","Pepe"
13,"Defender",33,18,"Valencia","Ricardo Costa"
8,"Midfielder",27,66,"Monaco","João Moutinho"
4,"Midfielder",28,47,"Dynamo Kyiv","Miguel Veloso"
17,"Midfielder",27,73,"Manchester United","Nani"
15,"Midfielder",21,2,"Braga","Rafa Silva"
16,"Midfielder",31,73,"Fenerbahce","Raul Meireles"
20,"Midfielder",29,11,"Benfica","Ruben Amorim"
18,"Midfielder",29,22,"Porto","Silvestre Varela"
10,"Midfielder",28,7,"VfL Wolfsburg","Vieirinha"
6,"Midfielder",22,3,"Sporting","William Carvalho"
7,"Forward",29,110,"Real Madrid","Cristiano Ronaldo"
11,"Forward",26,7,"Braga","eder"
23,"Forward",31,67,"Lazio","Helder Postiga"
9,"Forward",30,54,"Besiktas","Hugo Almeida"
1,"Goalie",29,1,"CS Constantine","Cedric Si Mohamed"
16,"Goalie",29,7,"USM Alger","Mohamed Zemmamouche"
23,"Goalie",28,27,"CSKA Sofia","Raes M'Bolhi"
20,"Defender",22,2,"Reims","Aissa Mandi"
7,"Defender",29,25,"Valenciennes","Carl Medjani"
6,"Defender",29,26,"Livorno","Djamel Mesbah"
4,"Defender",25,13,"Watford","Essaed Belkalem"
3,"Defender",23,5,"Napoli","Faouzi Ghoulam"
17,"Defender",26,6,"Mallorca","Liassine Cadamuro-Bentaeba"
2,"Defender",31,61,"Lekhwiya","Madjid Bougherra"
5,"Defender",27,28,"Academica","Rafik Halliche"
18,"Midfielder",27,76,"Club Africain","Abdelmoumene Djabou"
8,"Midfielder",30,24,"Udinese","Hassan Yebda"
12,"Midfielder",30,29,"Getafe","Medhi Lacen"
22,"Midfielder",30,22,"Ajaccio","Mehdi Mostefa"
14,"Midfielder",19,2,"Tottenham Hotspur","Nabil Bentaleb"
21,"Midfielder",23,1,"Leicester City","Riyad Mahrez"
19,"Midfielder",22,10,"Internazionale","Saphir Taeder"
10,"Midfielder",24,18,"Valencia","Sofiane Feghouli"
11,"Midfielder",24,5,"Granada","Yacine Brahimi"
15,"Forward",26,21,"Dinamo Zagreb","El Arbi Hillel Soudani"
13,"Forward",25,19,"Sporting CP","Islam Slimani"
9,"Forward",24,5,"Porto","Nabil Ghilas"
13,"Goalie",28,1,"Zulte Waregem","Sammy Bossut"
12,"Goalie",25,14,"Liverpool","Simon Mignolet"
1,"Goalie",22,16,"Atletico Madrid","Thibaut Courtois"
21,"Defender",26,25,"Anderlecht","Anthony Vanden Borre"
15,"Defender",36,79,"Bayern Munich","Daniel Van Buyten"
5,"Defender",27,56,"Tottenham Hotspur","Jan Vertonghen"
23,"Defender",28,8,"Standard Liege","Laurent Ciman"
18,"Defender",29,26,"Zenit Saint Petersburg","Nicolas Lombaerts"
3,"Defender",28,48,"Arsenal","Thomas Vermaelen"
2,"Defender",25,34,"Atletico Madrid","Toby Alderweireld"
4,"Defender",28,59,"Manchester City","Vincent Kompany"
20,"Midfielder",19,1,"Manchester United","Adnan Januzaj"
6,"Midfielder",25,48,"Zenit Saint Petersburg","Axel Witsel"
10,"Midfielder",23,45,"Chelsea","Eden Hazard"
7,"Midfielder",22,22,"VfL Wolfsburg","Kevin De Bruyne"
11,"Midfielder",26,44,"Everton","Kevin Mirallas"
8,"Midfielder",26,50,"Manchester United","Marouane Fellaini"
19,"Midfielder",26,55,"Tottenham Hotspur","Mousa Dembele"
22,"Midfielder",24,20,"Tottenham Hotspur","Nacer Chadli"
16,"Midfielder",26,43,"Porto","Steven Defour"
17,"Forward",19,2,"Lille","Divock Origi"
14,"Forward",27,24,"Napoli","Dries Mertens"
9,"Forward",21,29,"Everton","Romelu Lukaku"
1,"Goalie",29,60,"Suwon Bluewings","Jung Sung-Ryong"
21,"Goalie",23,5,"Ulsan Hyundai","Kim Seung-Gyu"
23,"Goalie",25,0,"Busan I'Park","Lee Bum-Young"
20,"Defender",24,24,"FC Augsburg","Hong Jeong-Ho"
6,"Defender",24,3,"Sanfrecce Hiroshima","Hwang Seok-Ho"
2,"Defender",28,8,"Kashiwa Reysol","Kim Chang-Soo"
5,"Defender",24,20,"Guangzhou Evergrande","Kim Young-Gwon"
4,"Defender",32,34,"Al-Hilal","Kwak Tae-Hwi"
12,"Defender",27,11,"Ulsan Hyundai","Lee Yong"
22,"Defender",27,13,"Mainz 5","Park Joo-Ho"
3,"Defender",24,3,"Queens Park Rangers","Yun Suk-Young"
8,"Midfielder",29,13,"Beijing Guoan","Ha Dae-Sung"
14,"Midfielder",24,9,"Kashiwa Reysol","Han Kook-Young"
16,"Midfielder",25,58,"Sunderland","Ki Sung-Yueng"
7,"Midfielder",24,27,"Cardiff City","Kim Bo-Kyung"
13,"Midfielder",25,36,"Mainz 5","Koo Ja-Cheol"
17,"Midfielder",25,54,"Bolton Wanderers","Lee Chung-Yong"
15,"Midfielder",25,10,"Guangzhou R&F","Park Jong-Woo"
19,"Forward",23,27,"FC Augsburg","Ji Dong-Won"
18,"Forward",26,26,"Ulsan Hyundai","Kim Shin-Wook"
11,"Forward",29,63,"Sangju Sangmu","Lee Keun-Ho"
10,"Forward",28,63,"Watford","Park Chu-Young"
9,"Forward",21,24,"Bayer Leverkusen","Son Heung-Min"
1,"Goalie",28,67,"CSKA Moscow","Igor Akinfeev"
16,"Goalie",33,1,"Rubin Kazan","Sergey Ryzhikov"
12,"Goalie",24,2,"Zenit Saint Petersburg","Yuri Lodygin"
2,"Defender",27,10,"Dynamo Moscow","Aleksei Kozlov"
6,"Defender",25,1,"Terek Grozny","Andrei Semyonov"
22,"Defender",30,11,"Anzhi Makhachkala","Andrey Yeshchenko"
23,"Defender",27,21,"Spartak Moscow","Dmitri Kombarov"
3,"Defender",23,3,"CSKA Moscow","Georgi Shchennikov"
4,"Defender",34,95,"CSKA Moscow","Sergei Ignashevich"
14,"Defender",31,77,"CSKA Moscow","Vasili Berezutski"
13,"Defender",27,4,"Dynamo Moscow","Vladimir Granat"
10,"Midfielder",23,31,"CSKA Moscow","Alan Dzagoev"
8,"Midfielder",27,26,"Spartak Moscow","Denis Glushakov"
7,"Midfielder",30,42,"Dynamo Moscow","Igor Denisov"
17,"Midfielder",23,6,"Zenit Saint Petersburg","Oleg Shatov"
15,"Midfielder",21,1,"Rubin Kazan","Pavel Mogilevets"
20,"Midfielder",28,18,"Zenit Saint Petersburg","Viktor Fayzulin"
11,"Forward",31,79,"Zenit Saint Petersburg","Aleksandr Kerzhakov"
9,"Forward",23,20,"Dynamo Moscow","Aleksandr Kokorin"
19,"Forward",29,16,"Lokomotiv Moscow","Aleksandr Samedov"
18,"Forward",25,5,"Dynamo Moscow","Aleksei Ionov"
21,"Forward",22,2,"Rubin Kazan","Maksim Kanunnikov"
5,"Forward",30,59,"Dynamo Moscow","Yuri Zhirkov"
